{
  "wisp_casting_continue": {
    "sounds": [
      {
        "type": "file",
        "attenuation_distance": 8,
        "name": "hexal:wisp_casting_continue",
        "volume": 0.5
      }
    ],
    "subtitle": "hexal.subtitle.wisp_casting_continue"
  },
  "wisp_casting_start": {
    "sounds": [
      {
        "type": "event",
        "attenuation_distance": 8,
        "name": "hexcasting:casting.cast"
      }
    ],
    "subtitle": "hexal.subtitle.wisp_casting_start"
  }
}